kind,id,where,status,note
tool,add_safe_sender,packages/server/src/agent/tools/definitions.ts:1693,built,
tool,applescript_run,packages/server/src/agent/tools/definitions.ts:2134,built,
tool,apply_update,packages/server/src/agent/tools/definitions.ts:2808,built,
tool,approve_destructive_action,packages/server/src/agent/tools/definitions.ts:146,built,
tool,assign_to_group,packages/server/src/agent/tools/definitions.ts:1552,built,
tool,broadcast_to_group,packages/server/src/agent/tools/definitions.ts:928,built,
tool,calendar_accept_share_ms,packages/server/src/microsoft/tools-write.ts:297,built,
tool,calendar_agenda,packages/server/src/google/tools-read.ts:98,built,
tool,calendar_agenda_ms,packages/server/src/microsoft/tools-read.ts:63,built,
tool,calendar_create,packages/server/src/google/tools-write.ts:169,built,
tool,calendar_create_ms,packages/server/src/microsoft/tools-write.ts:98,built,
tool,calendar_delete,packages/server/src/google/tools-write.ts:214,built,
tool,calendar_delete_ms,packages/server/src/microsoft/tools-write.ts:137,built,
tool,calendar_freebusy,packages/server/src/google/tools-read.ts:233,built,
tool,calendar_freebusy_ms,packages/server/src/microsoft/tools-read.ts:399,built,
tool,calendar_list,packages/server/src/google/tools-read.ts:133,built,
tool,calendar_list_ms,packages/server/src/microsoft/tools-read.ts:98,built,
tool,calendar_respond_invite,packages/server/src/google/tools-write.ts:227,built,
tool,calendar_respond_invite_ms,packages/server/src/microsoft/tools-write.ts:283,built,
tool,calendar_search,packages/server/src/google/tools-read.ts:115,built,
tool,calendar_search_ms,packages/server/src/microsoft/tools-read.ts:80,built,
tool,calendar_share_invites_ms,packages/server/src/microsoft/tools-read.ts:110,built,
tool,calendar_subscribe,packages/server/src/google/tools-write.ts:243,built,
tool,calendar_unsubscribe,packages/server/src/google/tools-write.ts:255,built,
tool,calendar_update,packages/server/src/google/tools-write.ts:194,built,
tool,calendar_update_ms,packages/server/src/microsoft/tools-write.ts:118,built,
tool,canvas_read,packages/server/src/agent/tools/definitions.ts:708,built,
tool,canvas_render,packages/server/src/agent/tools/definitions.ts:628,built,
tool,channel_inspect,packages/server/src/agent/tools/definitions.ts:2730,built,
tool,check_for_update,packages/server/src/agent/tools/definitions.ts:2800,built,
tool,complete_task,packages/server/src/agent/tools/definitions.ts:964,built,
tool,contact_forget,packages/server/src/agent/tools/definitions.ts:2663,built,
tool,contact_get,packages/server/src/agent/tools/definitions.ts:2629,built,
tool,contact_list,packages/server/src/agent/tools/definitions.ts:2615,built,
tool,contact_remember,packages/server/src/agent/tools/definitions.ts:2581,built,
tool,contact_search,packages/server/src/agent/tools/definitions.ts:2602,built,
tool,contact_update,packages/server/src/agent/tools/definitions.ts:2641,built,
tool,contacts_create,packages/server/src/microsoft/tools-write.ts:544,built,
tool,contacts_delete,packages/server/src/microsoft/tools-write.ts:589,built,
tool,contacts_get,packages/server/src/microsoft/tools-read.ts:455,built,
tool,contacts_list,packages/server/src/microsoft/tools-read.ts:441,built,
tool,contacts_overview,packages/server/src/agent/tools/definitions.ts:2675,built,
tool,contacts_search,packages/server/src/microsoft/tools-read.ts:426,built,
tool,contacts_update,packages/server/src/microsoft/tools-write.ts:566,built,
tool,convert_time,packages/server/src/agent/tools/definitions.ts:1409,built,
tool,cost_summary,packages/server/src/agent/tools/definitions.ts:2722,built,
tool,create_agent_group,packages/server/src/agent/tools/definitions.ts:1525,built,
tool,credential_add,packages/server/src/credentials/tools.ts:41,built,
tool,credential_delete,packages/server/src/credentials/tools.ts:77,built,
tool,credential_get,packages/server/src/credentials/tools.ts:29,built,
tool,credential_list,packages/server/src/credentials/tools.ts:23,built,
tool,credential_update,packages/server/src/credentials/tools.ts:59,built,
tool,dashboard_navigate,packages/server/src/agent/tools/definitions.ts:2760,built,
tool,delete_group,packages/server/src/agent/tools/definitions.ts:1593,built,
tool,delete_technique,packages/server/src/agent/tools/definitions.ts:2366,built,
tool,docs_create,packages/server/src/google/tools-write.ts:354,built,
tool,docs_delete_range,packages/server/src/google/tools-write.ts:396,built,
tool,docs_edit,packages/server/src/google/tools-write.ts:410,built,
tool,docs_find_replace,packages/server/src/google/tools-write.ts:367,built,
tool,docs_insert_text,packages/server/src/google/tools-write.ts:382,built,
tool,docs_read,packages/server/src/google/tools-read.ts:178,built,
tool,dojo_report,packages/server/src/agent/tools/definitions.ts:2863,built,
tool,dreamer_run_now,packages/server/src/agent/tools/definitions.ts:2714,built,
tool,drive_create_folder,packages/server/src/google/tools-write.ts:281,built,
tool,drive_delete,packages/server/src/google/tools-write.ts:314,built,
tool,drive_list,packages/server/src/google/tools-read.ts:145,built,
tool,drive_move,packages/server/src/google/tools-write.ts:340,built,
tool,drive_read,packages/server/src/google/tools-read.ts:162,built,
tool,drive_rename,packages/server/src/google/tools-write.ts:327,built,
tool,drive_share,packages/server/src/google/tools-write.ts:294,built,
tool,drive_upload,packages/server/src/google/tools-write.ts:267,built,
tool,drive_versions_list,packages/server/src/google/tools-read.ts:219,built,
tool,email_search,packages/server/src/tools/unified-read.ts:722,built,
tool,exec,packages/server/src/agent/tools/definitions.ts:182,built,
tool,file_append,packages/server/src/agent/tools/definitions.ts:293,built,
tool,file_list,packages/server/src/agent/tools/definitions.ts:391,built,
tool,file_patch,packages/server/src/agent/tools/definitions.ts:318,built,
tool,file_read,packages/server/src/agent/tools/definitions.ts:238,built,
tool,file_write,packages/server/src/agent/tools/definitions.ts:271,built,
tool,forms_add_choice_question,packages/server/src/google/tools-forms.ts:230,built,
tool,forms_add_date_question,packages/server/src/google/tools-forms.ts:277,built,
tool,forms_add_scale_question,packages/server/src/google/tools-forms.ts:257,built,
tool,forms_add_text_question,packages/server/src/google/tools-forms.ts:213,built,
tool,forms_create_form,packages/server/src/google/tools-forms.ts:200,built,
tool,forms_delete_form,packages/server/src/google/tools-forms.ts:393,built,
tool,forms_delete_item,packages/server/src/google/tools-forms.ts:380,built,
tool,forms_get,packages/server/src/google/tools-forms.ts:406,built,
tool,forms_list_responses,packages/server/src/google/tools-forms.ts:421,built,
tool,forms_rename_question,packages/server/src/google/tools-forms.ts:346,built,
tool,forms_set_settings,packages/server/src/google/tools-forms.ts:362,built,
tool,forms_update_question,packages/server/src/google/tools-forms.ts:299,built,
tool,get_agent_profile,packages/server/src/agent/tools/definitions.ts:1510,built,
tool,get_current_time,packages/server/src/agent/tools/definitions.ts:1399,built,
tool,get_group_detail,packages/server/src/agent/tools/definitions.ts:1620,built,
tool,gmail_create_label,packages/server/src/google/tools-write.ts:145,built,
tool,gmail_delete_label,packages/server/src/google/tools-write.ts:157,built,
tool,gmail_draft,packages/server/src/google/tools-write.ts:91,built,
tool,gmail_forward,packages/server/src/google/tools-write.ts:68,built,
tool,gmail_inbox,packages/server/src/google/tools-read.ts:83,built,
tool,gmail_label,packages/server/src/google/tools-write.ts:131,built,
tool,gmail_list_attachments,packages/server/src/google/tools-read.ts:68,built,
tool,gmail_list_labels,packages/server/src/google/tools-read.ts:211,built,
tool,gmail_read,packages/server/src/google/tools-read.ts:51,built,
tool,gmail_read_attachment,packages/server/src/google/tools-write.ts:110,built,
tool,gmail_reply,packages/server/src/google/tools-write.ts:49,built,
tool,gmail_search,packages/server/src/google/tools-read.ts:35,built,
tool,gmail_send,packages/server/src/google/tools-write.ts:31,built,
tool,healer_action_detail,packages/server/src/agent/tools/definitions.ts:1374,built,
tool,healer_log_action,packages/server/src/agent/tools/definitions.ts:1315,built,
tool,healer_mark_applied,packages/server/src/agent/tools/definitions.ts:1386,built,
tool,healer_propose,packages/server/src/agent/tools/definitions.ts:1330,built,
tool,healer_recent_actions,packages/server/src/agent/tools/definitions.ts:1361,built,
tool,history_expand,packages/server/src/agent/tools/definitions.ts:548,built,
tool,history_get,packages/server/src/agent/tools/definitions.ts:526,built,
tool,history_search,packages/server/src/agent/tools/definitions.ts:474,built,
tool,image_create,packages/server/src/agent/tools/definitions.ts:1869,built,
tool,imessage_list_contacts,packages/server/src/agent/tools/definitions.ts:1740,built,
tool,imessage_send,packages/server/src/agent/tools/definitions.ts:1751,built,
tool,keyboard_type,packages/server/src/agent/tools/definitions.ts:2094,built,
tool,kill_agent,packages/server/src/agent/tools/definitions.ts:836,built,
tool,list_agents,packages/server/src/agent/tools/definitions.ts:1566,built,
tool,list_groups,packages/server/src/agent/tools/definitions.ts:1606,built,
tool,list_models,packages/server/src/agent/tools/definitions.ts:1581,built,
tool,list_techniques,packages/server/src/agent/tools/definitions.ts:2281,built,
tool,load_tool_docs,packages/server/src/agent/tools/definitions.ts:159,built,
tool,mouse_click,packages/server/src/agent/tools/definitions.ts:2067,built,
tool,mouse_move,packages/server/src/agent/tools/definitions.ts:2081,built,
tool,music_create,packages/server/src/agent/tools/definitions.ts:1999,built,
tool,office_add_sheet,packages/server/src/microsoft/tools-office.ts:796,built,
tool,office_append_spreadsheet_rows,packages/server/src/microsoft/tools-office.ts:778,built,
tool,office_append_to_word_document,packages/server/src/microsoft/tools-office.ts:634,built,
tool,office_create_presentation,packages/server/src/microsoft/tools-office.ts:955,built,
tool,office_create_spreadsheet,packages/server/src/microsoft/tools-office.ts:830,built,
tool,office_create_word_document,packages/server/src/microsoft/tools-office.ts:469,built,
tool,office_delete_block_in_word_document,packages/server/src/microsoft/tools-office.ts:726,built,
tool,office_delete_sheet,packages/server/src/microsoft/tools-office.ts:813,built,
tool,office_delete_slide,packages/server/src/microsoft/tools-office.ts:942,built,
tool,office_get_presentation_outline,packages/server/src/microsoft/tools-office.ts:884,built,
tool,office_get_spreadsheet_range,packages/server/src/microsoft/tools-office.ts:744,built,
tool,office_get_word_document_outline,packages/server/src/microsoft/tools-office.ts:655,built,
tool,office_insert_in_word_document,packages/server/src/microsoft/tools-office.ts:704,built,
tool,office_insert_slide,packages/server/src/microsoft/tools-office.ts:927,built,
tool,office_read_presentation,packages/server/src/microsoft/tools-office.ts:896,built,
tool,office_read_word_document,packages/server/src/microsoft/tools-office.ts:668,built,
tool,office_replace_in_presentation,packages/server/src/microsoft/tools-office.ts:913,built,
tool,office_replace_in_word_document,packages/server/src/microsoft/tools-office.ts:686,built,
tool,office_write_spreadsheet_range,packages/server/src/microsoft/tools-office.ts:759,built,
tool,onedrive_create_folder,packages/server/src/microsoft/tools-write.ts:150,built,
tool,onedrive_delete,packages/server/src/microsoft/tools-write.ts:309,built,
tool,onedrive_list,packages/server/src/microsoft/tools-read.ts:124,built,
tool,onedrive_list_drives,packages/server/src/microsoft/tools-read.ts:172,built,
tool,onedrive_list_shared,packages/server/src/microsoft/tools-read.ts:158,built,
tool,onedrive_move,packages/server/src/microsoft/tools-write.ts:322,built,
tool,onedrive_read,packages/server/src/microsoft/tools-read.ts:141,built,
tool,onedrive_search,packages/server/src/microsoft/tools-read.ts:228,built,
tool,onedrive_share,packages/server/src/microsoft/tools-write.ts:213,built,
tool,onedrive_upload,packages/server/src/microsoft/tools-write.ts:164,built,
tool,onedrive_upload_batch,packages/server/src/microsoft/tools-write.ts:337,built,
tool,onedrive_versions_list,packages/server/src/microsoft/tools-read.ts:384,built,
tool,onedrive_versions_restore,packages/server/src/microsoft/tools-write.ts:426,built,
tool,onenote_append_page,packages/server/src/microsoft/tools-write.ts:617,built,
tool,onenote_create_page,packages/server/src/microsoft/tools-write.ts:602,built,
tool,onenote_list_notebooks,packages/server/src/microsoft/tools-read.ts:470,built,
tool,onenote_list_pages,packages/server/src/microsoft/tools-read.ts:492,built,
tool,onenote_list_sections,packages/server/src/microsoft/tools-read.ts:478,built,
tool,onenote_read_page,packages/server/src/microsoft/tools-read.ts:507,built,
tool,online_meeting_create,packages/server/src/microsoft/tools-write.ts:355,built,
tool,online_meeting_delete,packages/server/src/microsoft/tools-write.ts:384,built,
tool,online_meeting_get,packages/server/src/microsoft/tools-read.ts:273,built,
tool,online_meeting_list,packages/server/src/microsoft/tools-read.ts:369,built,
tool,online_meeting_update,packages/server/src/microsoft/tools-write.ts:369,built,
tool,open_browser,packages/server/src/agent/tools/definitions.ts:679,built,
tool,open_settings,packages/server/src/agent/tools/definitions.ts:2738,built,
tool,outlook_categories_set,packages/server/src/microsoft/tools-write.ts:412,built,
tool,outlook_create_folder,packages/server/src/microsoft/tools-write.ts:440,built,
tool,outlook_delete,packages/server/src/microsoft/tools-write.ts:242,built,
tool,outlook_download_attachment,packages/server/src/microsoft/tools-write.ts:254,built,
tool,outlook_draft,packages/server/src/microsoft/tools-write.ts:80,built,
tool,outlook_forward,packages/server/src/microsoft/tools-write.ts:61,built,
tool,outlook_inbox,packages/server/src/microsoft/tools-read.ts:48,built,
tool,outlook_list_attachments,packages/server/src/microsoft/tools-read.ts:199,built,
tool,outlook_list_folders,packages/server/src/microsoft/tools-read.ts:417,built,
tool,outlook_mark_read,packages/server/src/microsoft/tools-write.ts:229,built,
tool,outlook_move_to_folder,packages/server/src/microsoft/tools-write.ts:453,built,
tool,outlook_read,packages/server/src/microsoft/tools-read.ts:31,built,
tool,outlook_reply,packages/server/src/microsoft/tools-write.ts:42,built,
tool,outlook_search,packages/server/src/microsoft/tools-read.ts:15,built,
tool,outlook_send,packages/server/src/microsoft/tools-write.ts:25,built,
tool,pdf_create,packages/server/src/agent/pdf-tools.ts:704,built,
tool,pdf_delete_pages,packages/server/src/agent/pdf-tools.ts:843,built,
tool,pdf_extract_pages,packages/server/src/agent/pdf-tools.ts:781,built,
tool,pdf_fill_form,packages/server/src/agent/pdf-tools.ts:882,built,
tool,pdf_get_info,packages/server/src/agent/pdf-tools.ts:741,built,
tool,pdf_merge,packages/server/src/agent/pdf-tools.ts:765,built,
tool,pdf_read,packages/server/src/agent/pdf-tools.ts:753,built,
tool,pdf_reorder_pages,packages/server/src/agent/pdf-tools.ts:826,built,
tool,pdf_rotate_pages,packages/server/src/agent/pdf-tools.ts:798,built,
tool,pdf_watermark,packages/server/src/agent/pdf-tools.ts:860,built,
tool,plaud_account_info,packages/server/src/plaud/tools-read.ts:116,built,
tool,plaud_get_audio_url,packages/server/src/plaud/tools-read.ts:102,built,
tool,plaud_get_recording,packages/server/src/plaud/tools-read.ts:60,built,
tool,plaud_get_summary,packages/server/src/plaud/tools-read.ts:88,built,
tool,plaud_get_transcript,packages/server/src/plaud/tools-read.ts:74,built,
tool,plaud_list_recordings,packages/server/src/plaud/tools-read.ts:14,built,
tool,plaud_recent_recordings,packages/server/src/plaud/tools-read.ts:29,built,
tool,plaud_search_recordings,packages/server/src/plaud/tools-read.ts:43,built,
tool,publish_technique,packages/server/src/agent/tools/definitions.ts:2297,built,
tool,recall_recent_thread,packages/server/src/agent/tools/definitions.ts:429,built,
tool,reset_session,packages/server/src/agent/tools/definitions.ts:1469,built,
tool,save_technique,packages/server/src/agent/tools/definitions.ts:2179,built,
tool,scratchpad_clear,packages/server/src/agent/tools/definitions.ts:381,built,
tool,scratchpad_set,packages/server/src/agent/tools/definitions.ts:367,built,
tool,screen_broadcast,packages/server/src/agent/tools/definitions.ts:662,built,
tool,screen_screenshot,packages/server/src/agent/tools/definitions.ts:2107,built,
tool,send_to_agent,packages/server/src/agent/tools/definitions.ts:875,built,
tool,set_capability_model,packages/server/src/agent/tools/definitions.ts:2778,built,
tool,set_channel,packages/server/src/agent/tools/definitions.ts:2841,built,
tool,set_user_presence,packages/server/src/agent/tools/definitions.ts:1452,built,
tool,set_voice,packages/server/src/agent/tools/definitions.ts:2820,built,
tool,share_file,packages/server/src/agent/tools/definitions.ts:414,built,
tool,share_publicly,packages/server/src/agent/tools/definitions.ts:1636,built,
tool,sharepoint_list_drives,packages/server/src/microsoft/tools-read.ts:259,built,
tool,sharepoint_list_sites,packages/server/src/microsoft/tools-read.ts:244,built,
tool,sheets_add_sheet,packages/server/src/google/tools-write.ts:436,built,
tool,sheets_append,packages/server/src/google/tools-write.ts:482,built,
tool,sheets_create,packages/server/src/google/tools-write.ts:423,built,
tool,sheets_delete_sheet,packages/server/src/google/tools-write.ts:449,built,
tool,sheets_format,packages/server/src/google/tools-write.ts:462,built,
tool,sheets_read,packages/server/src/google/tools-read.ts:194,built,
tool,sheets_write,packages/server/src/google/tools-write.ts:496,built,
tool,shell,packages/server/src/agent/tools/definitions.ts:213,built,
tool,show_to_user,packages/server/src/agent/tools/definitions.ts:1662,built,
tool,slides_add_bullet_list,packages/server/src/google/tools-slides.ts:551,built,
tool,slides_add_image,packages/server/src/google/tools-slides.ts:594,built,
tool,slides_add_image_from_drive,packages/server/src/google/tools-slides.ts:612,built,
tool,slides_add_image_from_local_path,packages/server/src/google/tools-slides.ts:627,built,
tool,slides_add_line,packages/server/src/google/tools-slides.ts:700,built,
tool,slides_add_shape,packages/server/src/google/tools-slides.ts:681,built,
tool,slides_add_slide,packages/server/src/google/tools-slides.ts:460,built,
tool,slides_add_table,packages/server/src/google/tools-slides.ts:722,built,
tool,slides_add_text_box,packages/server/src/google/tools-slides.ts:534,built,
tool,slides_add_video,packages/server/src/google/tools-slides.ts:663,built,
tool,slides_build_slide,packages/server/src/google/tools-slides.ts:857,built,
tool,slides_create_presentation,packages/server/src/google/tools-slides.ts:412,built,
tool,slides_delete_element,packages/server/src/google/tools-slides.ts:941,built,
tool,slides_delete_slide,packages/server/src/google/tools-slides.ts:487,built,
tool,slides_duplicate_slide,packages/server/src/google/tools-slides.ts:474,built,
tool,slides_export_pngs,packages/server/src/google/tools-slides.ts:916,built,
tool,slides_find_replace,packages/server/src/google/tools-slides.ts:1017,built,
tool,slides_format_text,packages/server/src/google/tools-slides.ts:998,built,
tool,slides_get_elements,packages/server/src/google/tools-slides.ts:903,built,
tool,slides_get_slides,packages/server/src/google/tools-slides.ts:891,built,
tool,slides_get_style,packages/server/src/google/tools-slides.ts:440,built,
tool,slides_layout_comparison,packages/server/src/google/tools-slides.ts:841,built,
tool,slides_layout_content,packages/server/src/google/tools-slides.ts:787,built,
tool,slides_layout_image,packages/server/src/google/tools-slides.ts:822,built,
tool,slides_layout_section,packages/server/src/google/tools-slides.ts:773,built,
tool,slides_layout_title,packages/server/src/google/tools-slides.ts:755,built,
tool,slides_layout_two_column,packages/server/src/google/tools-slides.ts:807,built,
tool,slides_list_presets,packages/server/src/google/tools-slides.ts:452,built,
tool,slides_move_element,packages/server/src/google/tools-slides.ts:954,built,
tool,slides_populate_table,packages/server/src/google/tools-slides.ts:738,built,
tool,slides_reorder_slides,packages/server/src/google/tools-slides.ts:500,built,
tool,slides_replace_shape_with_image,packages/server/src/google/tools-slides.ts:643,built,
tool,slides_resize_element,packages/server/src/google/tools-slides.ts:969,built,
tool,slides_set_background,packages/server/src/google/tools-slides.ts:514,built,
tool,slides_set_style,packages/server/src/google/tools-slides.ts:427,built,
tool,slides_style_text_range,packages/server/src/google/tools-slides.ts:567,built,
tool,slides_update_text,packages/server/src/google/tools-slides.ts:984,built,
tool,sms_send,packages/server/src/agent/tools/definitions.ts:1780,built,
tool,spawn_agent,packages/server/src/agent/tools/definitions.ts:731,built,
tool,spawn_timeout_decision,packages/server/src/agent/tools/definitions.ts:851,built,
tool,squad_recall,packages/server/src/agent/tools/definitions.ts:2698,built,
tool,squad_share,packages/server/src/agent/tools/definitions.ts:2685,built,
tool,submit_technique_for_review,packages/server/src/agent/tools/definitions.ts:2354,built,
tool,tasks_complete,packages/server/src/microsoft/tools-write.ts:517,built,
tool,tasks_create,packages/server/src/microsoft/tools-write.ts:479,built,
tool,tasks_create_list,packages/server/src/microsoft/tools-write.ts:467,built,
tool,tasks_delete,packages/server/src/microsoft/tools-write.ts:530,built,
tool,tasks_list,packages/server/src/microsoft/tools-read.ts:338,built,
tool,tasks_list_lists,packages/server/src/microsoft/tools-read.ts:330,built,
tool,tasks_update,packages/server/src/microsoft/tools-write.ts:497,built,
tool,teams_create_chat,packages/server/src/microsoft/tools-write.ts:179,built,
tool,teams_download_attachment,packages/server/src/microsoft/tools-write.ts:268,built,
tool,teams_list_attachments,packages/server/src/microsoft/tools-read.ts:213,built,
tool,teams_list_channels,packages/server/src/microsoft/tools-read.ts:299,built,
tool,teams_list_chats,packages/server/src/microsoft/tools-read.ts:355,built,
tool,teams_list_teams,packages/server/src/microsoft/tools-read.ts:287,built,
tool,teams_read_channel_messages,packages/server/src/microsoft/tools-read.ts:313,built,
tool,teams_read_messages,packages/server/src/microsoft/tools-read.ts:184,built,
tool,teams_send_channel_message,packages/server/src/microsoft/tools-write.ts:396,built,
tool,teams_send_message,packages/server/src/microsoft/tools-write.ts:199,built,
tool,technique_acknowledge,packages/server/src/agent/tools/definitions.ts:2246,built,
tool,technique_finalize,packages/server/src/agent/tools/definitions.ts:2417,built,
tool,technique_list_versions,packages/server/src/agent/tools/definitions.ts:2378,built,
tool,technique_read,packages/server/src/agent/tools/definitions.ts:2259,built,
tool,technique_set_placeholder,packages/server/src/agent/tools/definitions.ts:2392,built,
tool,transcribe_audio,packages/server/src/agent/tools/definitions.ts:1915,built,
tool,tts_create,packages/server/src/agent/tools/definitions.ts:1965,built,
tool,tunnel,packages/server/src/agent/tools/definitions.ts:1434,built,
tool,update_agent,packages/server/src/agent/tools/definitions.ts:1483,built,
tool,update_group,packages/server/src/agent/tools/definitions.ts:1538,built,
tool,update_technique,packages/server/src/agent/tools/definitions.ts:2309,built,
tool,use_technique,packages/server/src/agent/tools/definitions.ts:2234,built,
tool,vault_discard_archives,packages/server/src/agent/tools/definitions.ts:2555,built,
tool,vault_forget,packages/server/src/agent/tools/definitions.ts:2521,built,
tool,vault_get,packages/server/src/agent/tools/definitions.ts:2489,built,
tool,vault_refresh,packages/server/src/agent/tools/definitions.ts:2503,built,
tool,vault_remember,packages/server/src/agent/tools/definitions.ts:2441,built,
tool,vault_search,packages/server/src/agent/tools/definitions.ts:2472,built,
tool,vault_update,packages/server/src/agent/tools/definitions.ts:2541,built,
tool,video_create,packages/server/src/agent/tools/definitions.ts:2029,built,
tool,voice_call,packages/server/src/agent/tools/definitions.ts:1804,built,
tool,voice_call_end,packages/server/src/agent/tools/definitions.ts:1832,built,
tool,voice_call_status,packages/server/src/agent/tools/definitions.ts:1852,built,
tool,web_browse,packages/server/src/agent/tools/definitions.ts:2149,built,
tool,web_fetch,packages/server/src/agent/tools/definitions.ts:597,built,
tool,web_search,packages/server/src/agent/tools/definitions.ts:576,built,
tool,work_close_request,packages/server/src/agent/tools/definitions.ts:1225,built,
tool,work_note,packages/server/src/agent/tools/definitions.ts:1212,built,
tool,work_open,packages/server/src/agent/tools/definitions.ts:996,built,
tool,work_schedule,packages/server/src/agent/tools/definitions.ts:1291,built,
tool,work_update,packages/server/src/agent/tools/definitions.ts:1085,built,
tool,work_validate,packages/server/src/agent/tools/definitions.ts:1261,built,
route,DELETE /api/agents/:id,packages/server/src/gateway/routes/agents.ts:511,built,
route,DELETE /api/config/models/:id,packages/server/src/gateway/routes/config.ts:1789,built,
route,DELETE /api/config/providers/:id,packages/server/src/gateway/routes/config.ts:653,built,
route,DELETE /api/contacts/:id,packages/server/src/gateway/routes/contacts.ts:129,built,
route,DELETE /api/credentials/:id,packages/server/src/gateway/routes/credentials.ts:125,built,
route,DELETE /api/groups/:id,packages/server/src/gateway/routes/groups.ts:55,built,
route,DELETE /api/memory/:agentId/summary/:summaryId,packages/server/src/gateway/routes/memory.ts:130,built,
route,DELETE /api/screen-share/vnc-password,packages/server/src/gateway/routes/screen-share.ts:67,built,
route,DELETE /api/setup/ollama/models/:name,packages/server/src/gateway/routes/setup-deps.ts:295,built,
route,DELETE /api/techniques/:id,packages/server/src/gateway/routes/techniques.ts:132,built,
route,DELETE /api/techniques/:id/files/*,packages/server/src/gateway/routes/techniques.ts:214,built,
route,DELETE /api/tracker/projects/:id,packages/server/src/gateway/routes/tracker.ts:890,built,
route,DELETE /api/tracker/tasks/:id,packages/server/src/gateway/routes/tracker.ts:923,built,
route,DELETE /api/twilio/credentials,packages/server/src/gateway/routes/twilio.ts:383,built,
route,DELETE /api/twilio/numbers/:number,packages/server/src/gateway/routes/twilio.ts:427,built,
route,DELETE /api/twilio/safe-senders/sms/:address,packages/server/src/gateway/routes/twilio.ts:449,built,
route,DELETE /api/twilio/safe-senders/voice/:address,packages/server/src/gateway/routes/twilio.ts:477,built,
route,DELETE /api/vault/entries/:id,packages/server/src/gateway/routes/vault.ts:96,built,
route,DELETE /api/voice/custom-voices/:id,packages/server/src/voice/voice-routes.ts:262,built,
route,DELETE /api/voice/hume/key,packages/server/src/voice/voice-routes.ts:305,built,
route,DELETE /api/voice/models/:kind/:id,packages/server/src/voice/voice-routes.ts:195,built,
route,GET *,packages/server/src/gateway/server.ts:313,built,
route,GET /api/access/catalog,packages/server/src/gateway/routes/access.ts:27,built,
route,GET /api/agents,packages/server/src/gateway/routes/agents.ts:34,built,
route,GET /api/agents/:id,packages/server/src/gateway/routes/agents.ts:43,built,
route,GET /api/agents/:id/agent-messages,packages/server/src/gateway/routes/agents.ts:827,built,
route,GET /api/agents/:id/messages,packages/server/src/gateway/routes/agents.ts:768,built,
route,GET /api/agents/:id/system-prompt,packages/server/src/gateway/routes/agents.ts:299,built,
route,GET /api/auth/me,packages/server/src/gateway/routes/auth.ts:88,built,
route,GET /api/canvas,packages/server/src/gateway/routes/canvas.ts:24,built,
route,GET /api/chat/:agentId/messages,packages/server/src/gateway/routes/chat.ts:241,built,
route,GET /api/config/agent-sdk/status,packages/server/src/gateway/routes/config.ts:2731,built,
route,GET /api/config/deepseek/balance,packages/server/src/gateway/routes/config.ts:2843,built,
route,GET /api/config/deepseek/threshold,packages/server/src/gateway/routes/config.ts:2921,built,
route,GET /api/config/generation-jobs,packages/server/src/gateway/routes/config.ts:1116,built,
route,GET /api/config/identity/:file,packages/server/src/gateway/routes/config.ts:2429,built,
route,GET /api/config/models,packages/server/src/gateway/routes/config.ts:1034,built,
route,GET /api/config/openrouter/credits,packages/server/src/gateway/routes/config.ts:2765,built,
route,GET /api/config/openrouter/threshold,packages/server/src/gateway/routes/config.ts:2831,built,
route,GET /api/config/pricing-sync/status,packages/server/src/gateway/routes/config.ts:1207,built,
route,GET /api/config/providers,packages/server/src/gateway/routes/config.ts:458,built,
route,GET /api/config/providers/:id,packages/server/src/gateway/routes/config.ts:467,built,
route,GET /api/config/providers/:id/browse-models,packages/server/src/gateway/routes/config.ts:1222,built,
route,GET /api/config/providers/:id/models,packages/server/src/gateway/routes/config.ts:1018,built,
route,GET /api/config/search,packages/server/src/gateway/routes/config.ts:2540,built,
route,GET /api/config/settings,packages/server/src/gateway/routes/config.ts:2409,built,
route,GET /api/config/settings/:key,packages/server/src/gateway/routes/config.ts:2281,built,
route,GET /api/config/video-jobs,packages/server/src/gateway/routes/config.ts:1045,built,
route,GET /api/contacts,packages/server/src/gateway/routes/contacts.ts:47,built,
route,GET /api/contacts/:id,packages/server/src/gateway/routes/contacts.ts:65,built,
route,GET /api/contacts/describe,packages/server/src/gateway/routes/contacts.ts:61,built,
route,GET /api/costs/budget,packages/server/src/gateway/routes/costs.ts:64,built,
route,GET /api/costs/cache,packages/server/src/gateway/routes/costs.ts:50,built,
route,GET /api/costs/records,packages/server/src/gateway/routes/costs.ts:33,built,
route,GET /api/costs/summary,packages/server/src/gateway/routes/costs.ts:14,built,
route,GET /api/credentials,packages/server/src/gateway/routes/credentials.ts:27,built,
route,GET /api/credentials/:id/reveal,packages/server/src/gateway/routes/credentials.ts:44,built,
route,GET /api/github/status,packages/server/src/gateway/routes/github.ts:29,built,
route,GET /api/google/activity,packages/server/src/gateway/routes/google.ts:336,built,
route,GET /api/google/callback,packages/server/src/gateway/routes/google.ts:169,built,
route,GET /api/google/status,packages/server/src/gateway/routes/google.ts:77,built,
route,GET /api/groups,packages/server/src/gateway/routes/groups.ts:27,built,
route,GET /api/groups/:id,packages/server/src/gateway/routes/groups.ts:32,built,
route,GET /api/healer/actions,packages/server/src/gateway/routes/healer.ts:87,built,
route,GET /api/healer/config,packages/server/src/gateway/routes/healer.ts:18,built,
route,GET /api/healer/diagnostics,packages/server/src/gateway/routes/healer.ts:99,built,
route,GET /api/healer/proposals,packages/server/src/gateway/routes/healer.ts:52,built,
route,GET /api/healer/report,packages/server/src/gateway/routes/healer.ts:116,built,
route,GET /api/health,packages/server/src/gateway/routes/system.ts:23,built,
route,GET /api/interagent/:agentId,packages/server/src/gateway/routes/interagent.ts:110,built,
route,GET /api/memory/:agentId/briefing,packages/server/src/gateway/routes/memory.ts:240,built,
route,GET /api/memory/:agentId/dag,packages/server/src/gateway/routes/memory.ts:34,built,
route,GET /api/memory/:agentId/search,packages/server/src/gateway/routes/memory.ts:186,built,
route,GET /api/memory/:agentId/summary/:summaryId,packages/server/src/gateway/routes/memory.ts:80,built,
route,GET /api/memory/embeddings/status,packages/server/src/gateway/routes/memory.ts:363,built,
route,GET /api/memory/forensic-search,packages/server/src/gateway/routes/memory.ts:454,built,
route,GET /api/memory/vector-search,packages/server/src/gateway/routes/memory.ts:412,built,
route,GET /api/microsoft/activity,packages/server/src/gateway/routes/microsoft.ts:293,built,
route,GET /api/microsoft/callback,packages/server/src/gateway/routes/microsoft.ts:137,built,
route,GET /api/microsoft/status,packages/server/src/gateway/routes/microsoft.ts:66,built,
route,GET /api/migration/import/status,packages/server/src/gateway/routes/migration.ts:219,built,
route,GET /api/og-preview,packages/server/src/gateway/routes/system.ts:123,built,
route,GET /api/plaud/status,packages/server/src/gateway/routes/plaud.ts:19,built,
route,GET /api/reports,packages/server/src/gateway/routes/reports.ts:111,built,
route,GET /api/reports/:id,packages/server/src/gateway/routes/reports.ts:115,built,
route,GET /api/router/available-models,packages/server/src/gateway/routes/router.ts:75,built,
route,GET /api/router/config,packages/server/src/gateway/routes/router.ts:15,built,
route,GET /api/router/stats,packages/server/src/gateway/routes/router.ts:261,built,
route,GET /api/screen-share/status,packages/server/src/gateway/routes/screen-share.ts:22,built,
route,GET /api/screen-share/vnc-password,packages/server/src/gateway/routes/screen-share.ts:53,built,
route,GET /api/screen/vnc,packages/server/src/gateway/server.ts:167,built,
route,GET /api/setup/deps/check,packages/server/src/gateway/routes/setup-deps.ts:53,built,
route,GET /api/setup/ollama/models,packages/server/src/gateway/routes/setup-deps.ts:185,built,
route,GET /api/setup/ollama/pull-progress,packages/server/src/gateway/routes/setup-deps.ts:208,built,
route,GET /api/setup/permissions/check,packages/server/src/gateway/routes/setup-deps.ts:362,built,
route,GET /api/setup/status,packages/server/src/gateway/routes/setup.ts:35,built,
route,GET /api/system/imessage,packages/server/src/gateway/routes/services.ts:113,built,
route,GET /api/system/logs,packages/server/src/gateway/routes/system.ts:59,built,
route,GET /api/system/ollama/lock,packages/server/src/gateway/routes/services.ts:252,built,
route,GET /api/system/ollama/models,packages/server/src/gateway/routes/services.ts:239,built,
route,GET /api/system/ollama/status,packages/server/src/gateway/routes/services.ts:246,built,
route,GET /api/system/presence,packages/server/src/gateway/routes/services.ts:285,built,
route,GET /api/system/providers/health,packages/server/src/gateway/routes/services.ts:169,built,
route,GET /api/system/resources,packages/server/src/gateway/routes/services.ts:206,built,
route,GET /api/system/time,packages/server/src/gateway/routes/system.ts:99,built,
route,GET /api/system/tunnel,packages/server/src/gateway/routes/services.ts:311,built,
route,GET /api/system/watchdog,packages/server/src/gateway/routes/services.ts:62,built,
route,GET /api/system/watchers,packages/server/src/gateway/routes/system.ts:78,built,
route,GET /api/system/ws-status,packages/server/src/gateway/routes/services.ts:280,built,
route,GET /api/tasks/:taskId/runs,packages/server/src/gateway/routes/task-runs.ts:27,built,
route,GET /api/techniques,packages/server/src/gateway/routes/techniques.ts:31,built,
route,GET /api/techniques/:id,packages/server/src/gateway/routes/techniques.ts:41,built,
route,GET /api/techniques/:id/files,packages/server/src/gateway/routes/techniques.ts:171,built,
route,GET /api/techniques/:id/files/*,packages/server/src/gateway/routes/techniques.ts:181,built,
route,GET /api/techniques/:id/usage,packages/server/src/gateway/routes/techniques.ts:164,built,
route,GET /api/techniques/:id/versions,packages/server/src/gateway/routes/techniques.ts:140,built,
route,GET /api/techniques/:id/versions/:versionId,packages/server/src/gateway/routes/techniques.ts:147,built,
route,GET /api/tracker/hygiene,packages/server/src/gateway/routes/tracker.ts:327,built,
route,GET /api/tracker/override-requests,packages/server/src/gateway/routes/tracker.ts:496,built,
route,GET /api/tracker/projects,packages/server/src/gateway/routes/tracker.ts:79,built,
route,GET /api/tracker/projects/:id,packages/server/src/gateway/routes/tracker.ts:90,built,
route,GET /api/tracker/reconcile-report,packages/server/src/gateway/routes/tracker.ts:951,built,
route,GET /api/tracker/tasks,packages/server/src/gateway/routes/tracker.ts:152,built,
route,GET /api/tracker/tasks/:id,packages/server/src/gateway/routes/tracker.ts:211,built,
route,GET /api/tracker/tasks/:id/log,packages/server/src/gateway/routes/tracker.ts:297,built,
route,GET /api/twilio/calls/recent,packages/server/src/gateway/routes/twilio.ts:491,built,
route,GET /api/twilio/config,packages/server/src/gateway/routes/twilio.ts:343,built,
route,GET /api/twilio/safe-senders/sms,packages/server/src/gateway/routes/twilio.ts:433,built,
route,GET /api/twilio/safe-senders/voice,packages/server/src/gateway/routes/twilio.ts:461,built,
route,GET /api/twilio/voice-stream,packages/server/src/gateway/server.ts:204,built,
route,GET /api/update/backups,packages/server/src/gateway/routes/update.ts:1053,built,
route,GET /api/update/backups/cleanup/status,packages/server/src/gateway/routes/update.ts:1157,built,
route,GET /api/update/channel,packages/server/src/gateway/routes/update.ts:812,built,
route,GET /api/update/check,packages/server/src/gateway/routes/update.ts:806,built,
route,GET /api/update/db-backup,packages/server/src/gateway/routes/update.ts:846,built,
route,GET /api/update/releases,packages/server/src/gateway/routes/update.ts:856,built,
route,GET /api/update/version,packages/server/src/gateway/routes/update.ts:833,built,
route,GET /api/upload/describe/:fileId,packages/server/src/gateway/routes/upload.ts:557,built,
route,GET /api/upload/download/:fileId,packages/server/src/gateway/routes/upload.ts:452,built,
route,GET /api/upload/file/:agentId/:filename,packages/server/src/gateway/routes/upload.ts:347,built,
route,GET /api/upload/render/:fileId,packages/server/src/gateway/routes/upload.ts:518,built,
route,GET /api/vault/conversations,packages/server/src/gateway/routes/vault.ts:103,built,
route,GET /api/vault/conversations/:id,packages/server/src/gateway/routes/vault.ts:124,built,
route,GET /api/vault/dream/config,packages/server/src/gateway/routes/vault.ts:227,built,
route,GET /api/vault/dream/history,packages/server/src/gateway/routes/vault.ts:214,built,
route,GET /api/vault/dream/latest,packages/server/src/gateway/routes/vault.ts:220,built,
route,GET /api/vault/entries,packages/server/src/gateway/routes/vault.ts:33,built,
route,GET /api/vault/entries/:id,packages/server/src/gateway/routes/vault.ts:46,built,
route,GET /api/vault/stats,packages/server/src/gateway/routes/vault.ts:194,built,
route,GET /api/voice/assets/:kind/:filename,packages/server/src/voice/voice-assets.ts:44,built,
route,GET /api/voice/hume/status,packages/server/src/voice/voice-routes.ts:279,built,
route,GET /api/voice/hume/voices,packages/server/src/voice/voice-routes.ts:321,built,
route,GET /api/voice/models,packages/server/src/voice/voice-routes.ts:65,built,
route,GET /api/voice/voices,packages/server/src/voice/voice-routes.ts:53,built,
route,GET /api/ws,packages/server/src/gateway/server.ts:141,built,
route,GET /api/ws/voice,packages/server/src/gateway/server.ts:179,built,
route,GET /share/:slug/*,packages/server/src/gateway/server.ts:81,built,
route,PATCH /api/agents/:id/model,packages/server/src/gateway/routes/agents.ts:76,built,
route,PATCH /api/config/models/:id/limits,packages/server/src/gateway/routes/config.ts:2071,built,
route,PATCH /api/config/models/:id/num-ctx,packages/server/src/gateway/routes/config.ts:2023,built,
route,PATCH /api/config/models/:id/thinking,packages/server/src/gateway/routes/config.ts:2116,built,
route,PATCH /api/config/providers/:id,packages/server/src/gateway/routes/config.ts:1476,built,
route,PATCH /api/config/providers/:id/host-ram,packages/server/src/gateway/routes/config.ts:1604,built,
route,PATCH /api/config/providers/:id/prefill-throughput,packages/server/src/gateway/routes/config.ts:1748,built,
route,PATCH /api/config/providers/:id/response-patience,packages/server/src/gateway/routes/config.ts:1656,built,
route,PATCH /api/config/providers/:id/unattended-budget,packages/server/src/gateway/routes/config.ts:1707,built,
route,PATCH /api/contacts/:id,packages/server/src/gateway/routes/contacts.ts:101,built,
route,PATCH /api/credentials/:id,packages/server/src/gateway/routes/credentials.ts:88,built,
route,PATCH /api/reports/:id,packages/server/src/gateway/routes/reports.ts:123,built,
route,PATCH /api/twilio/settings,packages/server/src/gateway/routes/twilio.ts:408,built,
route,POST /api/agents,packages/server/src/gateway/routes/agents.ts:131,built,
route,POST /api/agents/:id/message,packages/server/src/gateway/routes/agents.ts:714,built,
route,POST /api/agents/:id/purge,packages/server/src/gateway/routes/agents.ts:676,built,
route,POST /api/agents/:id/reset-session,packages/server/src/gateway/routes/agents.ts:567,built,
route,POST /api/agents/:id/stop,packages/server/src/gateway/routes/agents.ts:533,built,
route,POST /api/agents/archive,packages/server/src/gateway/routes/agents.ts:957,built,
route,POST /api/auth/change-password,packages/server/src/gateway/routes/auth.ts:61,built,
route,POST /api/auth/login,packages/server/src/gateway/routes/auth.ts:18,built,
route,POST /api/canvas/status,packages/server/src/gateway/routes/canvas.ts:33,built,
route,POST /api/chat/:agentId/messages,packages/server/src/gateway/routes/chat.ts:217,built,
route,POST /api/chat/:agentId/new-session,packages/server/src/gateway/routes/chat.ts:388,built,
route,POST /api/config/agent-sdk/verify,packages/server/src/gateway/routes/config.ts:2753,built,
route,POST /api/config/deepseek/threshold,packages/server/src/gateway/routes/config.ts:2928,built,
route,POST /api/config/generation-jobs/:id/cancel,packages/server/src/gateway/routes/config.ts:1169,built,
route,POST /api/config/identity/generate,packages/server/src/gateway/routes/config.ts:2469,built,
route,POST /api/config/models/:id/refresh-capabilities,packages/server/src/gateway/routes/config.ts:1994,built,
route,POST /api/config/models/check-usage,packages/server/src/gateway/routes/config.ts:2236,built,
route,POST /api/config/models/disable,packages/server/src/gateway/routes/config.ts:2246,built,
route,POST /api/config/models/enable,packages/server/src/gateway/routes/config.ts:2200,built,
route,POST /api/config/openrouter/threshold,packages/server/src/gateway/routes/config.ts:2944,built,
route,POST /api/config/pricing-sync/run,packages/server/src/gateway/routes/config.ts:1215,built,
route,POST /api/config/providers,packages/server/src/gateway/routes/config.ts:480,built,
route,POST /api/config/providers/:id/add-model,packages/server/src/gateway/routes/config.ts:1330,built,
route,POST /api/config/providers/:id/validate,packages/server/src/gateway/routes/config.ts:695,built,
route,POST /api/config/search/validate,packages/server/src/gateway/routes/config.ts:2560,built,
route,POST /api/config/video-jobs/:id/cancel,packages/server/src/gateway/routes/config.ts:1076,built,
route,POST /api/contacts,packages/server/src/gateway/routes/contacts.ts:88,built,
route,POST /api/control/applescript,packages/server/src/gateway/routes/control.ts:41,built,
route,POST /api/control/keyboard-type,packages/server/src/gateway/routes/control.ts:26,built,
route,POST /api/control/mouse-click,packages/server/src/gateway/routes/control.ts:14,built,
route,POST /api/control/mouse-move,packages/server/src/gateway/routes/control.ts:20,built,
route,POST /api/control/screen-read,packages/server/src/gateway/routes/control.ts:32,built,
route,POST /api/credentials,packages/server/src/gateway/routes/credentials.ts:63,built,
route,POST /api/debug-toast,packages/server/src/gateway/routes/system.ts:269,built,
route,POST /api/github/cancel-connect,packages/server/src/gateway/routes/github.ts:44,built,
route,POST /api/github/connect,packages/server/src/gateway/routes/github.ts:33,built,
route,POST /api/github/disconnect,packages/server/src/gateway/routes/github.ts:49,built,
route,POST /api/google/connect,packages/server/src/gateway/routes/google.ts:135,built,
route,POST /api/google/disconnect,packages/server/src/gateway/routes/google.ts:207,built,
route,POST /api/google/test,packages/server/src/gateway/routes/google.ts:221,built,
route,POST /api/groups,packages/server/src/gateway/routes/groups.ts:15,built,
route,POST /api/healer/config,packages/server/src/gateway/routes/healer.ts:24,built,
route,POST /api/healer/proposals/:id,packages/server/src/gateway/routes/healer.ts:67,built,
route,POST /api/healer/report/send,packages/server/src/gateway/routes/healer.ts:122,built,
route,POST /api/healer/run,packages/server/src/gateway/routes/healer.ts:106,built,
route,POST /api/memory/:agentId/briefing/regenerate,packages/server/src/gateway/routes/memory.ts:292,built,
route,POST /api/memory/:agentId/compact,packages/server/src/gateway/routes/memory.ts:326,built,
route,POST /api/memory/:agentId/inject,packages/server/src/gateway/routes/memory.ts:210,built,
route,POST /api/memory/embeddings/backfill,packages/server/src/gateway/routes/memory.ts:381,built,
route,POST /api/memory/forensic-purge,packages/server/src/gateway/routes/memory.ts:560,built,
route,POST /api/microsoft/connect,packages/server/src/gateway/routes/microsoft.ts:105,built,
route,POST /api/microsoft/disconnect,packages/server/src/gateway/routes/microsoft.ts:185,built,
route,POST /api/microsoft/install-office-tools,packages/server/src/gateway/routes/microsoft.ts:287,built,
route,POST /api/microsoft/test,packages/server/src/gateway/routes/microsoft.ts:199,built,
route,POST /api/migration/export,packages/server/src/gateway/routes/migration.ts:43,built,
route,POST /api/migration/import,packages/server/src/gateway/routes/migration.ts:164,built,
route,POST /api/migration/import/dismiss,packages/server/src/gateway/routes/migration.ts:226,built,
route,POST /api/migration/import/recheck,packages/server/src/gateway/routes/migration.ts:234,built,
route,POST /api/migration/manifest,packages/server/src/gateway/routes/migration.ts:95,built,
route,POST /api/migration/preflight,packages/server/src/gateway/routes/migration.ts:123,built,
route,POST /api/migration/run-dependency-setup,packages/server/src/gateway/routes/migration.ts:252,built,
route,POST /api/plaud/cancel-connect,packages/server/src/gateway/routes/plaud.ts:50,built,
route,POST /api/plaud/connect,packages/server/src/gateway/routes/plaud.ts:30,built,
route,POST /api/plaud/disconnect,packages/server/src/gateway/routes/plaud.ts:55,built,
route,POST /api/plaud/refresh,packages/server/src/gateway/routes/plaud.ts:25,built,
route,POST /api/reports/:id/approve,packages/server/src/gateway/routes/reports.ts:165,built,
route,POST /api/reports/:id/cancel,packages/server/src/gateway/routes/reports.ts:230,built,
route,POST /api/router/test,packages/server/src/gateway/routes/router.ts:201,built,
route,POST /api/screen-share/disable,packages/server/src/gateway/routes/screen-share.ts:40,built,
route,POST /api/screen-share/enable,packages/server/src/gateway/routes/screen-share.ts:28,built,
route,POST /api/screen-share/vnc-password,packages/server/src/gateway/routes/screen-share.ts:58,built,
route,POST /api/setup/complete,packages/server/src/gateway/routes/setup.ts:90,built,
route,POST /api/setup/deps/install/:dep,packages/server/src/gateway/routes/setup-deps.ts:108,built,
route,POST /api/setup/ollama/auto-configure,packages/server/src/gateway/routes/setup-deps.ts:311,built,
route,POST /api/setup/ollama/pull,packages/server/src/gateway/routes/setup-deps.ts:213,built,
route,POST /api/setup/password,packages/server/src/gateway/routes/setup.ts:69,built,
route,POST /api/setup/permissions/request/:perm,packages/server/src/gateway/routes/setup-deps.ts:427,built,
route,POST /api/setup/provision-agent,packages/server/src/gateway/routes/setup-deps.ts:466,built,
route,POST /api/system/imessage/test,packages/server/src/gateway/routes/services.ts:119,built,
route,POST /api/system/imessage/welcome,packages/server/src/gateway/routes/services.ts:142,built,
route,POST /api/system/presence,packages/server/src/gateway/routes/services.ts:299,built,
route,POST /api/system/reset-idle-sessions,packages/server/src/gateway/routes/system.ts:195,built,
route,POST /api/system/restart,packages/server/src/gateway/routes/system.ts:297,built,
route,POST /api/system/tunnel/disable,packages/server/src/gateway/routes/services.ts:324,built,
route,POST /api/system/tunnel/enable,packages/server/src/gateway/routes/services.ts:316,built,
route,POST /api/system/tunnel/install-cloudflared,packages/server/src/gateway/routes/services.ts:348,built,
route,POST /api/system/tunnel/named-url,packages/server/src/gateway/routes/services.ts:341,built,
route,POST /api/system/tunnel/token,packages/server/src/gateway/routes/services.ts:330,built,
route,POST /api/techniques,packages/server/src/gateway/routes/techniques.ts:49,built,
route,POST /api/techniques/:id/export,packages/server/src/gateway/routes/techniques.ts:251,built,
route,POST /api/techniques/:id/publish,packages/server/src/gateway/routes/techniques.ts:124,built,
route,POST /api/techniques/:id/versions/:versionId/restore,packages/server/src/gateway/routes/techniques.ts:155,built,
route,POST /api/techniques/clear-session,packages/server/src/gateway/routes/techniques.ts:286,built,
route,POST /api/techniques/import,packages/server/src/gateway/routes/techniques.ts:229,built,
route,POST /api/tracker/override-requests/:id/resolve,packages/server/src/gateway/routes/tracker.ts:410,built,
route,POST /api/tracker/projects,packages/server/src/gateway/routes/tracker.ts:102,built,
route,POST /api/tracker/projects/:id/close,packages/server/src/gateway/routes/tracker.ts:838,built,
route,POST /api/tracker/tasks,packages/server/src/gateway/routes/tracker.ts:522,built,
route,POST /api/tracker/tasks/:id/observation,packages/server/src/gateway/routes/tracker.ts:223,built,
route,POST /api/tracker/tasks/:id/user-validate,packages/server/src/gateway/routes/tracker.ts:257,built,
route,POST /api/twilio/credentials,packages/server/src/gateway/routes/twilio.ts:372,built,
route,POST /api/twilio/numbers,packages/server/src/gateway/routes/twilio.ts:415,built,
route,POST /api/twilio/safe-senders/sms,packages/server/src/gateway/routes/twilio.ts:437,built,
route,POST /api/twilio/safe-senders/voice,packages/server/src/gateway/routes/twilio.ts:465,built,
route,POST /api/twilio/test-connection,packages/server/src/gateway/routes/twilio.ts:388,built,
route,POST /api/twilio/webhook/sms,packages/server/src/gateway/routes/twilio.ts:91,built,
route,POST /api/twilio/webhook/voice,packages/server/src/gateway/routes/twilio.ts:139,built,
route,POST /api/twilio/webhook/voice-status,packages/server/src/gateway/routes/twilio.ts:311,built,
route,POST /api/twilio/webhook/voicemail-recording,packages/server/src/gateway/routes/twilio.ts:193,built,
route,POST /api/twilio/webhook/voicemail-transcription,packages/server/src/gateway/routes/twilio.ts:225,built,
route,POST /api/update/apply,packages/server/src/gateway/routes/update.ts:1037,built,
route,POST /api/update/backups/cleanup,packages/server/src/gateway/routes/update.ts:1076,built,
route,POST /api/update/channel,packages/server/src/gateway/routes/update.ts:816,built,
route,POST /api/update/rollback,packages/server/src/gateway/routes/update.ts:900,built,
route,POST /api/upload/:agentId,packages/server/src/gateway/routes/upload.ts:72,built,
route,POST /api/upload/chunk/:agentId/:uploadId/:chunkIndex,packages/server/src/gateway/routes/upload.ts:218,built,
route,POST /api/upload/finish/:agentId/:uploadId,packages/server/src/gateway/routes/upload.ts:268,built,
route,POST /api/upload/start/:agentId,packages/server/src/gateway/routes/upload.ts:179,built,
route,POST /api/vault/conversations/:id/process,packages/server/src/gateway/routes/vault.ts:158,built,
route,POST /api/vault/conversations/discard,packages/server/src/gateway/routes/vault.ts:137,built,
route,POST /api/vault/dream,packages/server/src/gateway/routes/vault.ts:201,built,
route,POST /api/vault/entries,packages/server/src/gateway/routes/vault.ts:52,built,
route,POST /api/vault/entries/:id/obsolete,packages/server/src/gateway/routes/vault.ts:90,built,
route,POST /api/voice/custom-voices,packages/server/src/voice/voice-routes.ts:216,built,
route,POST /api/voice/hume/key,packages/server/src/voice/voice-routes.ts:284,built,
route,POST /api/voice/models/:kind/:id,packages/server/src/voice/voice-routes.ts:113,built,
route,POST /api/voice/preview,packages/server/src/voice/voice-routes.ts:337,built,
route,PUT /api/agents/:id,packages/server/src/gateway/routes/agents.ts:316,built,
route,PUT /api/config/identity/:file,packages/server/src/gateway/routes/config.ts:2448,built,
route,PUT /api/config/models/:id/capabilities,packages/server/src/gateway/routes/config.ts:1831,built,
route,PUT /api/config/models/:id/generation-params,packages/server/src/gateway/routes/config.ts:1874,built,
route,PUT /api/config/models/:id/pricing,packages/server/src/gateway/routes/config.ts:2138,built,
route,PUT /api/config/models/:id/voice-catalog,packages/server/src/gateway/routes/config.ts:1939,built,
route,PUT /api/config/search,packages/server/src/gateway/routes/config.ts:2547,built,
route,PUT /api/config/settings/:key,packages/server/src/gateway/routes/config.ts:2289,built,
route,PUT /api/costs/budget/agent/:agentId,packages/server/src/gateway/routes/costs.ts:94,built,
route,PUT /api/costs/budget/global,packages/server/src/gateway/routes/costs.ts:76,built,
route,PUT /api/google/send-email,packages/server/src/gateway/routes/google.ts:314,built,
route,PUT /api/google/services,packages/server/src/gateway/routes/google.ts:237,built,
route,PUT /api/google/watch-email,packages/server/src/gateway/routes/google.ts:267,built,
route,PUT /api/groups/:id,packages/server/src/gateway/routes/groups.ts:40,built,
route,PUT /api/groups/agents/:agentId/group,packages/server/src/gateway/routes/groups.ts:64,built,
route,PUT /api/memory/:agentId/briefing,packages/server/src/gateway/routes/memory.ts:273,built,
route,PUT /api/memory/:agentId/summary/:summaryId,packages/server/src/gateway/routes/memory.ts:154,built,
route,PUT /api/memory/embeddings/config,packages/server/src/gateway/routes/memory.ts:401,built,
route,PUT /api/microsoft/send-email,packages/server/src/gateway/routes/microsoft.ts:265,built,
route,PUT /api/microsoft/services,packages/server/src/gateway/routes/microsoft.ts:206,built,
route,PUT /api/microsoft/watch-email,packages/server/src/gateway/routes/microsoft.ts:223,built,
route,PUT /api/router/dimensions/:dimensionId,packages/server/src/gateway/routes/router.ts:153,built,
route,PUT /api/router/tiers/:tierId/models,packages/server/src/gateway/routes/router.ts:96,built,
route,PUT /api/techniques/:id,packages/server/src/gateway/routes/techniques.ts:79,built,
route,PUT /api/techniques/:id/files/*,packages/server/src/gateway/routes/techniques.ts:196,built,
route,PUT /api/techniques/:id/instructions,packages/server/src/gateway/routes/techniques.ts:108,built,
route,PUT /api/tracker/tasks/:id,packages/server/src/gateway/routes/tracker.ts:630,built,
route,PUT /api/vault/dream/config,packages/server/src/gateway/routes/vault.ts:232,built,
route,PUT /api/vault/entries/:id,packages/server/src/gateway/routes/vault.ts:77,built,
channel,a2a,packages/shared/src/origin.ts:47,built,
channel,dashboard,packages/shared/src/origin.ts:47,built,
channel,email,packages/shared/src/visibility.ts:131,built,
channel,engine,packages/shared/src/origin.ts:47,built,
channel,imessage,packages/shared/src/visibility.ts:131,built,
channel,phone,packages/shared/src/visibility.ts:131,built,
channel,sms,packages/shared/src/visibility.ts:131,built,
channel,teams,packages/shared/src/visibility.ts:131,built,
channel,voice,packages/shared/src/origin.ts:47,built,
watcher,startGenerationJobsWorker,packages/server/src/services/generation-jobs.ts:426,built,
watcher,startGmailWatcher,packages/server/src/services/gmail-watcher.ts:536,built,
watcher,startIMBridge,packages/server/src/services/imessage-bridge.ts:1686,built,
watcher,startOutlookWatcher,packages/server/src/services/outlook-watcher.ts:465,built,
watcher,startTeamsWatcher,packages/server/src/services/teams-watcher.ts:415,built,
watcher,startTunnel,packages/server/src/services/tunnel.ts:367,built,
watcher,startUpdateChecker,packages/server/src/services/update-checker.ts:40,built,
watcher,startVideoJobPoller,packages/server/src/services/video-job-poller.ts:401,built,
watcher,startWorkspaceReconnectProbe,packages/server/src/services/workspace-reconnect-probe.ts:65,built,
job,auto-fix:startFrequentAutoFixes#1,packages/server/src/healer/auto-fix.ts:146,built,
job,clock:startScheduler#1,packages/server/src/scheduler/clock.ts:106,built,
job,gmail-watcher:startGmailWatcher#1,packages/server/src/services/gmail-watcher.ts:569,built,
job,healer-agent:startHealerSelfWatchdog#1,packages/server/src/healer/healer-agent.ts:393,built,
job,hume-engine:decodeHumePcm#1,packages/server/src/voice/hume-engine.ts:465,built,
job,imessage-bridge:startIMBridge#1,packages/server/src/services/imessage-bridge.ts:1743,built,
job,index:main#1,packages/server/src/index.ts:1090,built,
job,index:main#2,packages/server/src/index.ts:1131,built,
job,index:main#3,packages/server/src/index.ts:1242,built,
job,loop:startStatusHeartbeat#1,packages/server/src/agent/v2/loop.ts:318,built,
job,maintenance:startRouterMaintenance#1,packages/server/src/router/maintenance.ts:86,built,
job,outlook-watcher:startOutlookWatcher#1,packages/server/src/services/outlook-watcher.ts:494,built,
job,pm-agent:startPokeLoop#1,packages/server/src/tracker/pm-agent.ts:368,built,
job,runtime:repairOrphanedModelPointers#1,packages/server/src/agent/runtime.ts:1710,built,
job,runtime:repairOrphanedModelPointers#2,packages/server/src/agent/runtime.ts:1711,built,
job,runtime:startStatusHeartbeat#1,packages/server/src/agent/runtime.ts:428,built,
job,semantic:startEmbedderWarmer#1,packages/server/src/router/semantic.ts:266,built,
job,teams-watcher:startTeamsWatcher#1,packages/server/src/services/teams-watcher.ts:435,built,
job,update-checker:startUpdateChecker#1,packages/server/src/services/update-checker.ts:47,built,
job,voice-ws:verifyAndOpenVoiceSession#1,packages/server/src/voice/voice-ws.ts:524,built,
job,work-reaper:startReaper#1,packages/server/src/work/work-reaper.ts:663,built,
job,workspace-reconnect-probe:startWorkspaceReconnectProbe#1,packages/server/src/services/workspace-reconnect-probe.ts:72,built,
job,ws:startHeartbeat#1,packages/server/src/gateway/ws.ts:38,built,
job,pm-agent:startPokeLoop#2,(not found in the tree),dropped(OWNER-OK),"NOT a lost capability: the poke loop's two registration sites were merged into one in the counterparty-era refactor (pm-agent.ts:57's own comment records the move); startPokeLoop#1 is built and live at pm-agent.ts:353 and the loop verifiably fires. Resolved under the orchestrator's standing test-judgment authority (ruling 8c) and surfaced to the owner for veto 2026-09-24; row kept per this file's never-delete rule; carried in the routed ledger as 'stale entry' since pre-v3.1.26; resolved deliberately at the DOJO-REPORT gate-side batch 2026-09-24."
tool,loop_resolve,(not found in the tree),dropped(OWNER-OK),"open_loops and its prose parser are on the plan's permanent-deletion list (Part III), executed in PHASE-2; the work spine records what it recorded. Dispositioned by PHASE-5 T7."
tool,reminder_create,(not found in the tree),dropped(OWNER-OK),"definition replaced by the work verbs (PHASE-2 T8V, OR1 'the tracker IS the work record'). THE NAME STILL WORKS: tools/aliases.ts routes it, so a model that calls the old name is answered. Row dispositioned by PHASE-5 T7; nothing was lost, the ledger was stale. Alias target: work_open."
tool,tracker_add_notes,(not found in the tree),dropped(OWNER-OK),"definition replaced by the work verbs (PHASE-2 T8V, OR1 'the tracker IS the work record'). THE NAME STILL WORKS: tools/aliases.ts routes it, so a model that calls the old name is answered. Row dispositioned by PHASE-5 T7; nothing was lost, the ledger was stale. Alias target: work_note."
tool,tracker_apply_user_validation,(not found in the tree),dropped(OWNER-OK),"definition replaced by the work verbs (PHASE-2 T8V, OR1 'the tracker IS the work record'). THE NAME STILL WORKS: tools/aliases.ts routes it, so a model that calls the old name is answered. Row dispositioned by PHASE-5 T7; nothing was lost, the ledger was stale. Alias target: work_validate."
tool,tracker_apply_user_verdict,(not found in the tree),dropped(OWNER-OK),"definition replaced by the work verbs (PHASE-2 T8V, OR1 'the tracker IS the work record'). THE NAME STILL WORKS: tools/aliases.ts routes it, so a model that calls the old name is answered. Row dispositioned by PHASE-5 T7; nothing was lost, the ledger was stale. Alias target: work_validate."
tool,tracker_close_project,(not found in the tree),dropped(OWNER-OK),"definition replaced by the work verbs (PHASE-2 T8V, OR1 'the tracker IS the work record'). THE NAME STILL WORKS: tools/aliases.ts routes it, so a model that calls the old name is answered. Row dispositioned by PHASE-5 T7; nothing was lost, the ledger was stale. Alias target: work_update."
tool,tracker_complete_step,(not found in the tree),dropped(OWNER-OK),"definition replaced by the work verbs (PHASE-2 T8V, OR1 'the tracker IS the work record'). THE NAME STILL WORKS: tools/aliases.ts routes it, so a model that calls the old name is answered. Row dispositioned by PHASE-5 T7; nothing was lost, the ledger was stale. Alias target: work_update."
tool,tracker_create_project,(not found in the tree),dropped(OWNER-OK),"definition replaced by the work verbs (PHASE-2 T8V, OR1 'the tracker IS the work record'). THE NAME STILL WORKS: tools/aliases.ts routes it, so a model that calls the old name is answered. Row dispositioned by PHASE-5 T7; nothing was lost, the ledger was stale. Alias target: work_open."
tool,tracker_create_task,(not found in the tree),dropped(OWNER-OK),"definition replaced by the work verbs (PHASE-2 T8V, OR1 'the tracker IS the work record'). THE NAME STILL WORKS: tools/aliases.ts routes it, so a model that calls the old name is answered. Row dispositioned by PHASE-5 T7; nothing was lost, the ledger was stale. Alias target: work_open."
tool,tracker_edit_project,(not found in the tree),dropped(OWNER-OK),"definition replaced by the work verbs (PHASE-2 T8V, OR1 'the tracker IS the work record'). THE NAME STILL WORKS: tools/aliases.ts routes it, so a model that calls the old name is answered. Row dispositioned by PHASE-5 T7; nothing was lost, the ledger was stale. Alias target: work_update."
tool,tracker_edit_task,(not found in the tree),dropped(OWNER-OK),"definition replaced by the work verbs (PHASE-2 T8V, OR1 'the tracker IS the work record'). THE NAME STILL WORKS: tools/aliases.ts routes it, so a model that calls the old name is answered. Row dispositioned by PHASE-5 T7; nothing was lost, the ledger was stale. Alias target: work_update."
tool,tracker_get_status,(not found in the tree),dropped(OWNER-OK),"definition replaced by the work verbs (PHASE-2 T8V, OR1 'the tracker IS the work record'). THE NAME STILL WORKS: tools/aliases.ts routes it, so a model that calls the old name is answered. Row dispositioned by PHASE-5 T7; nothing was lost, the ledger was stale. Alias target: work_update."
tool,tracker_list_active,(not found in the tree),dropped(OWNER-OK),"definition replaced by the work verbs (PHASE-2 T8V, OR1 'the tracker IS the work record'). THE NAME STILL WORKS: tools/aliases.ts routes it, so a model that calls the old name is answered. Row dispositioned by PHASE-5 T7; nothing was lost, the ledger was stale. Alias target: work_update."
tool,tracker_override,(not found in the tree),dropped(OWNER-OK),"definition replaced by the work verbs (PHASE-2 T8V, OR1 'the tracker IS the work record'). THE NAME STILL WORKS: tools/aliases.ts routes it, so a model that calls the old name is answered. Row dispositioned by PHASE-5 T7; nothing was lost, the ledger was stale. Alias target: work_validate."
tool,tracker_pause_schedule,(not found in the tree),dropped(OWNER-OK),"definition replaced by the work verbs (PHASE-2 T8V, OR1 'the tracker IS the work record'). THE NAME STILL WORKS: tools/aliases.ts routes it, so a model that calls the old name is answered. Row dispositioned by PHASE-5 T7; nothing was lost, the ledger was stale. Alias target: work_schedule."
tool,tracker_reassign_task,(not found in the tree),dropped(OWNER-OK),"definition replaced by the work verbs (PHASE-2 T8V, OR1 'the tracker IS the work record'). THE NAME STILL WORKS: tools/aliases.ts routes it, so a model that calls the old name is answered. Row dispositioned by PHASE-5 T7; nothing was lost, the ledger was stale. Alias target: work_update."
tool,tracker_request_override,(not found in the tree),dropped(OWNER-OK),"definition replaced by the work verbs (PHASE-2 T8V, OR1 'the tracker IS the work record'). THE NAME STILL WORKS: tools/aliases.ts routes it, so a model that calls the old name is answered. Row dispositioned by PHASE-5 T7; nothing was lost, the ledger was stale. Alias target: work_close_request."
tool,tracker_request_user_verdict,(not found in the tree),dropped(OWNER-OK),"definition replaced by the work verbs (PHASE-2 T8V, OR1 'the tracker IS the work record'). THE NAME STILL WORKS: tools/aliases.ts routes it, so a model that calls the old name is answered. Row dispositioned by PHASE-5 T7; nothing was lost, the ledger was stale. Alias target: work_close_request."
tool,tracker_resolve_missed_runs,(not found in the tree),dropped(OWNER-OK),"definition replaced by the work verbs (PHASE-2 T8V, OR1 'the tracker IS the work record'). THE NAME STILL WORKS: tools/aliases.ts routes it, so a model that calls the old name is answered. Row dispositioned by PHASE-5 T7; nothing was lost, the ledger was stale. Alias target: work_schedule."
tool,tracker_resume_schedule,(not found in the tree),dropped(OWNER-OK),"definition replaced by the work verbs (PHASE-2 T8V, OR1 'the tracker IS the work record'). THE NAME STILL WORKS: tools/aliases.ts routes it, so a model that calls the old name is answered. Row dispositioned by PHASE-5 T7; nothing was lost, the ledger was stale. Alias target: work_schedule."
tool,tracker_retask,(not found in the tree),dropped(OWNER-OK),"definition replaced by the work verbs (PHASE-2 T8V, OR1 'the tracker IS the work record'). THE NAME STILL WORKS: tools/aliases.ts routes it, so a model that calls the old name is answered. Row dispositioned by PHASE-5 T7; nothing was lost, the ledger was stale. Alias target: work_validate."
tool,tracker_update_status,(not found in the tree),dropped(OWNER-OK),"definition replaced by the work verbs (PHASE-2 T8V, OR1 'the tracker IS the work record'). THE NAME STILL WORKS: tools/aliases.ts routes it, so a model that calls the old name is answered. Row dispositioned by PHASE-5 T7; nothing was lost, the ledger was stale. Alias target: work_update."
tool,tracker_validate,(not found in the tree),dropped(OWNER-OK),"definition replaced by the work verbs (PHASE-2 T8V, OR1 'the tracker IS the work record'). THE NAME STILL WORKS: tools/aliases.ts routes it, so a model that calls the old name is answered. Row dispositioned by PHASE-5 T7; nothing was lost, the ledger was stale. Alias target: work_validate."
job,index:main#1124,(not found in the tree),dropped(OWNER-OK),PHASE-2 T9 (c249ee0) replaced the park TTL sweep with the one work reaper — the park sigil machine is on the plan's permanent-deletion list (Part III). Surfaced by PHASE-5 T7's ledger refresh: it had been an undispositioned loss since the 2026-07-27 seed because the job id carried a line number.
